"technology","channel","background","foreground","method"
"MILAN","DAPI","RAW","RAW","RAW"
"MILAN","FITC","BASIC","RAW","BASIC"
"MILAN","AF","KASK","KASK","KASK"
"MILAN","TRITC","BASIC","BASIC","BASIC"
"MILAN","CY5","BASIC","BASIC","BASIC"
"COMET","DAPI","KASK","KASK","KASK"
"COMET","TRITC","KASK","KASK","KASK"
"COMET","Cy5","KASK","KASK","KASK"
"MACSIMA","DAPI","RAW","BASIC","BASIC"
"MACSIMA","FITC","KASK","KASK","KASK"
"MACSIMA","APC","KASK","KASK","KASK"
"MACSIMA","PE","RAW","KASK","KASK"
"AKOYA","DAPI","KASK","KASK","KASK"
"AKOYA","ATTO550","KASK","KASK","KASK"
"AKOYA","AF750","KASK","KASK","KASK"
"AKOYA","CY5","KASK","KASK","KASK"
